"","Healthy","Sick","Dead"
"cycle_1",1,0,0
"cycle_2",0.8,0.15,0.05
"cycle_3",0.64,0.225,0.135
"cycle_4",0.512,0.2535,0.2345
"cycle_5",0.4096,0.25425,0.33615
"cycle_6",0.32768,0.239415,0.432905
"cycle_7",0.262144,0.2167425,0.5211135
"cycle_8",0.2097152,0.19104135,0.59924345
"cycle_9",0.16777216,0.165186225,0.667041615
"cycle_10",0.134217728,0.1407961815,0.7249860905
